{
  "umur": {
    "precision": 1.0,
    "recall": 0.8571428571428571,
    "f1-score": 0.923076923076923,
    "support": 7,
    "confused_with": {}
  },
  "tinggi_badan": {
    "precision": 1.0,
    "recall": 1.0,
    "f1-score": 1.0,
    "support": 5,
    "confused_with": {}
  },
  "berat_badan": {
    "precision": 1.0,
    "recall": 1.0,
    "f1-score": 1.0,
    "support": 5,
    "confused_with": {}
  },
  "micro avg": {
    "precision": 1.0,
    "recall": 0.9411764705882353,
    "f1-score": 0.9696969696969697,
    "support": 17
  },
  "macro avg": {
    "precision": 1.0,
    "recall": 0.9523809523809524,
    "f1-score": 0.9743589743589743,
    "support": 17
  },
  "weighted avg": {
    "precision": 1.0,
    "recall": 0.9411764705882353,
    "f1-score": 0.9683257918552035,
    "support": 17
  },
  "accuracy": 0.9988452655889145
}